atm_id,lat,lon,bank_name,district,state,historical_fraud_count,atm_fraud_rate_last_30days
ATM_GHA_000,28.6849,77.4192,HDFC,Ghaziabad,Uttar Pradesh,180,0.051
ATM_PAT_001,25.6557,85.2396,PNB,Patna,Bihar,85,0.321
ATM_MEW_002,27.9053,77.0266,SBI,Mewat,Haryana,41,0.183
ATM_NOI_003,28.5354,77.3503,ICICI,Noida,Uttar Pradesh,165,0.288
ATM_PAT_004,25.5924,85.0716,SBI,Patna,Bihar,37,0.17
ATM_JAM_005,23.8609,86.6587,PNB,Jamtara,Jharkhand,65,0.267
ATM_MEW_006,28.1381,77.1373,Axis,Mewat,Haryana,62,0.336
ATM_MAT_007,27.5187,77.5504,ICICI,Mathura,Uttar Pradesh,139,0.169
ATM_HYD_008,17.2876,78.4596,PNB,Hyderabad,Telangana,72,0.01
ATM_JAM_009,24.0797,86.7774,HDFC,Jamtara,Jharkhand,144,0.069
ATM_MAT_010,27.5678,77.5334,ICICI,Mathura,Uttar Pradesh,92,0.138
ATM_BHA_011,27.2737,77.3465,HDFC,Bharatpur,Rajasthan,24,0.308
ATM_BHA_012,27.2735,77.4104,HDFC,Bharatpur,Rajasthan,119,0.137
ATM_MAT_013,27.615,77.6894,Axis,Mathura,Uttar Pradesh,28,0.322
ATM_NOI_014,28.6299,77.5028,PNB,Noida,Uttar Pradesh,26,0.105
ATM_GHA_015,28.6565,77.5625,SBI,Ghaziabad,Uttar Pradesh,119,0.021
ATM_JAM_016,23.8318,86.892,HDFC,Jamtara,Jharkhand,37,0.148
ATM_MAT_017,27.4678,77.6092,HDFC,Mathura,Uttar Pradesh,120,0.097
ATM_JAI_018,26.9287,75.9245,ICICI,Jaipur,Rajasthan,38,0.054
ATM_GHA_019,28.6232,77.5069,HDFC,Ghaziabad,Uttar Pradesh,75,0.3
ATM_MAT_020,27.3503,77.5249,Axis,Mathura,Uttar Pradesh,84,0.106
ATM_LUC_021,26.9961,80.9488,HDFC,Lucknow,Uttar Pradesh,168,0.322
ATM_NOI_022,28.6376,77.4191,SBI,Noida,Uttar Pradesh,71,0.334
ATM_JAI_023,26.9401,75.9098,Axis,Jaipur,Rajasthan,93,0.179
ATM_JAM_024,23.9844,86.8475,ICICI,Jamtara,Jharkhand,123,0.21
ATM_JAM_025,23.9553,86.8557,SBI,Jamtara,Jharkhand,137,0.232
ATM_NOI_026,28.6181,77.4464,HDFC,Noida,Uttar Pradesh,93,0.11
ATM_MAT_027,27.5527,77.7575,Axis,Mathura,Uttar Pradesh,52,0.34
ATM_JAI_028,26.9586,75.7041,Axis,Jaipur,Rajasthan,111,0.084
ATM_MEW_029,28.0453,76.9553,ICICI,Mewat,Haryana,96,0.015
ATM_NOI_030,28.6176,77.4791,SBI,Noida,Uttar Pradesh,59,0.025
ATM_JAI_031,27.0076,75.8899,SBI,Jaipur,Rajasthan,10,0.171
ATM_JAI_032,26.9466,75.9334,Axis,Jaipur,Rajasthan,65,0.184
ATM_PAT_033,25.536,85.0653,PNB,Patna,Bihar,32,0.315
ATM_HYD_034,17.4285,78.472,PNB,Hyderabad,Telangana,81,0.014
ATM_HYD_035,17.4798,78.5763,PNB,Hyderabad,Telangana,181,0.179
ATM_LUC_036,26.977,81.0281,Axis,Lucknow,Uttar Pradesh,106,0.027
ATM_MAT_037,27.4527,77.6778,HDFC,Mathura,Uttar Pradesh,63,0.238
ATM_GHA_038,28.6267,77.5008,HDFC,Ghaziabad,Uttar Pradesh,170,0.235
ATM_JAI_039,26.7988,75.7027,PNB,Jaipur,Rajasthan,135,0.141
ATM_GHA_040,28.7305,77.4732,ICICI,Ghaziabad,Uttar Pradesh,23,0.296
ATM_GHA_041,28.5896,77.5356,HDFC,Ghaziabad,Uttar Pradesh,193,0.187
ATM_MEW_042,27.9445,77.0219,PNB,Mewat,Haryana,109,0.311
ATM_JAI_043,26.9742,75.6902,SBI,Jaipur,Rajasthan,79,0.106
ATM_BHA_044,27.1031,77.6114,ICICI,Bharatpur,Rajasthan,162,0.332
ATM_HYD_045,17.2467,78.408,Axis,Hyderabad,Telangana,25,0.094
ATM_MEW_046,27.9399,76.9678,PNB,Mewat,Haryana,165,0.331
ATM_MEW_047,27.9679,77.0297,SBI,Mewat,Haryana,18,0.121
ATM_HYD_048,17.2447,78.626,HDFC,Hyderabad,Telangana,70,0.257
ATM_JAI_049,26.9646,75.8658,PNB,Jaipur,Rajasthan,45,0.081
ATM_LUC_050,26.9464,80.842,Axis,Lucknow,Uttar Pradesh,186,0.201
ATM_NOI_051,28.3923,77.4364,SBI,Noida,Uttar Pradesh,152,0.16
ATM_JAM_052,24.038,86.7556,SBI,Jamtara,Jharkhand,199,0.09
ATM_NOI_053,28.4194,77.352,ICICI,Noida,Uttar Pradesh,105,0.212
ATM_JAM_054,24.0475,86.6923,Axis,Jamtara,Jharkhand,187,0.102
ATM_NOI_055,28.4041,77.5173,PNB,Noida,Uttar Pradesh,136,0.336
ATM_MEW_056,27.9765,77.0341,PNB,Mewat,Haryana,97,0.237
ATM_JAM_057,23.8948,86.8803,ICICI,Jamtara,Jharkhand,53,0.273
ATM_MAT_058,27.4884,77.6776,HDFC,Mathura,Uttar Pradesh,16,0.127
ATM_MAT_059,27.5936,77.7784,SBI,Mathura,Uttar Pradesh,97,0.249
ATM_JAM_060,23.9812,86.8769,Axis,Jamtara,Jharkhand,52,0.126
ATM_LUC_061,26.7375,80.9698,SBI,Lucknow,Uttar Pradesh,11,0.122
ATM_JAI_062,27.0035,75.7138,HDFC,Jaipur,Rajasthan,50,0.104
ATM_NOI_063,28.5369,77.4475,SBI,Noida,Uttar Pradesh,108,0.187
ATM_PAT_064,25.4753,85.1975,HDFC,Patna,Bihar,140,0.321
ATM_MEW_065,27.8776,76.9346,PNB,Mewat,Haryana,114,0.236
ATM_GHA_066,28.7436,77.4588,HDFC,Ghaziabad,Uttar Pradesh,120,0.015
ATM_BHA_067,27.2289,77.4888,HDFC,Bharatpur,Rajasthan,86,0.232
ATM_JAI_068,26.9413,75.9375,HDFC,Jaipur,Rajasthan,173,0.171
ATM_HYD_069,17.3596,78.6156,SBI,Hyderabad,Telangana,132,0.266
ATM_JAM_070,23.9198,86.782,ICICI,Jamtara,Jharkhand,174,0.334
ATM_LUC_071,26.8913,80.9431,Axis,Lucknow,Uttar Pradesh,168,0.056
ATM_MAT_072,27.5395,77.7041,PNB,Mathura,Uttar Pradesh,106,0.252
ATM_LUC_073,26.7515,81.0421,HDFC,Lucknow,Uttar Pradesh,102,0.27
ATM_LUC_074,26.7156,80.9986,ICICI,Lucknow,Uttar Pradesh,161,0.272
ATM_MAT_075,27.501,77.8048,HDFC,Mathura,Uttar Pradesh,186,0.344
ATM_MAT_076,27.4141,77.7189,Axis,Mathura,Uttar Pradesh,5,0.046
ATM_HYD_077,17.4556,78.4476,HDFC,Hyderabad,Telangana,137,0.03
ATM_BHA_078,27.1757,77.4699,ICICI,Bharatpur,Rajasthan,169,0.342
ATM_LUC_079,26.7087,81.06,Axis,Lucknow,Uttar Pradesh,30,0.026
ATM_NOI_080,28.4205,77.479,PNB,Noida,Uttar Pradesh,142,0.261
ATM_MEW_081,27.9252,77.1381,PNB,Mewat,Haryana,134,0.304
ATM_MEW_082,28.0201,77.0223,ICICI,Mewat,Haryana,22,0.086
ATM_PAT_083,25.6604,85.2694,SBI,Patna,Bihar,62,0.123
ATM_GHA_084,28.793,77.3576,PNB,Ghaziabad,Uttar Pradesh,148,0.296
ATM_JAI_085,27.0331,75.7591,PNB,Jaipur,Rajasthan,52,0.23
ATM_PAT_086,25.6497,85.2085,ICICI,Patna,Bihar,105,0.041
ATM_MEW_087,27.9644,76.8733,HDFC,Mewat,Haryana,58,0.199
ATM_MAT_088,27.3665,77.5682,SBI,Mathura,Uttar Pradesh,187,0.283
ATM_GHA_089,28.5248,77.4028,PNB,Ghaziabad,Uttar Pradesh,178,0.086
ATM_NOI_090,28.6201,77.361,SBI,Noida,Uttar Pradesh,156,0.225
ATM_PAT_091,25.6566,85.0755,ICICI,Patna,Bihar,114,0.061
ATM_JAM_092,24.0699,86.716,ICICI,Jamtara,Jharkhand,102,0.228
ATM_JAI_093,27.0361,75.8339,SBI,Jaipur,Rajasthan,175,0.281
ATM_MAT_094,27.6157,77.6172,Axis,Mathura,Uttar Pradesh,31,0.192
ATM_MAT_095,27.5327,77.7496,SBI,Mathura,Uttar Pradesh,137,0.067
ATM_LUC_096,26.9939,81.0418,PNB,Lucknow,Uttar Pradesh,18,0.017
ATM_JAM_097,23.8293,86.8155,PNB,Jamtara,Jharkhand,117,0.116
ATM_MEW_098,28.0058,77.1136,PNB,Mewat,Haryana,136,0.29
ATM_HYD_099,17.5018,78.5641,ICICI,Hyderabad,Telangana,135,0.151
ATM_MEW_100,28.1346,76.9905,Axis,Mewat,Haryana,94,0.344
ATM_JAI_101,26.7715,75.7487,Axis,Jaipur,Rajasthan,129,0.055
ATM_MAT_102,27.608,77.6318,PNB,Mathura,Uttar Pradesh,147,0.19
ATM_HYD_103,17.3847,78.466,Axis,Hyderabad,Telangana,35,0.051
ATM_MEW_104,27.9867,76.9015,ICICI,Mewat,Haryana,149,0.141
ATM_NOI_105,28.6654,77.2679,PNB,Noida,Uttar Pradesh,27,0.298
ATM_JAM_106,23.856,86.8116,HDFC,Jamtara,Jharkhand,89,0.119
ATM_BHA_107,27.1977,77.6321,Axis,Bharatpur,Rajasthan,79,0.234
ATM_PAT_108,25.5064,85.0177,PNB,Patna,Bihar,128,0.179
ATM_GHA_109,28.6187,77.4878,PNB,Ghaziabad,Uttar Pradesh,160,0.135
ATM_MEW_110,27.8739,76.9411,SBI,Mewat,Haryana,140,0.282
ATM_MAT_111,27.6176,77.7043,PNB,Mathura,Uttar Pradesh,61,0.104
ATM_NOI_112,28.4826,77.4459,SBI,Noida,Uttar Pradesh,143,0.123
ATM_MEW_113,28.0843,77.0273,HDFC,Mewat,Haryana,101,0.203
ATM_LUC_114,26.7545,81.0243,ICICI,Lucknow,Uttar Pradesh,16,0.299
ATM_JAM_115,23.8889,86.7611,SBI,Jamtara,Jharkhand,44,0.076
ATM_JAI_116,26.7682,75.7402,ICICI,Jaipur,Rajasthan,86,0.069
ATM_JAM_117,24.027,86.9176,Axis,Jamtara,Jharkhand,182,0.103
ATM_JAI_118,26.8586,75.7603,PNB,Jaipur,Rajasthan,18,0.207
ATM_JAM_119,23.9508,86.858,Axis,Jamtara,Jharkhand,10,0.021
ATM_MAT_120,27.3532,77.6024,HDFC,Mathura,Uttar Pradesh,28,0.102
ATM_BHA_121,27.0827,77.3595,PNB,Bharatpur,Rajasthan,134,0.063
ATM_LUC_122,26.7748,80.964,Axis,Lucknow,Uttar Pradesh,66,0.335
ATM_PAT_123,25.6304,85.0315,Axis,Patna,Bihar,177,0.185
ATM_PAT_124,25.6033,85.274,PNB,Patna,Bihar,99,0.138
ATM_HYD_125,17.3696,78.3454,PNB,Hyderabad,Telangana,84,0.111
ATM_MEW_126,27.8889,77.0929,Axis,Mewat,Haryana,191,0.018
ATM_LUC_127,26.9497,81.0405,SBI,Lucknow,Uttar Pradesh,166,0.165
ATM_JAM_128,23.86,86.8994,PNB,Jamtara,Jharkhand,83,0.273
ATM_LUC_129,26.932,80.967,PNB,Lucknow,Uttar Pradesh,16,0.129
ATM_GHA_130,28.8026,77.3909,SBI,Ghaziabad,Uttar Pradesh,38,0.334
ATM_GHA_131,28.6556,77.51,Axis,Ghaziabad,Uttar Pradesh,193,0.155
ATM_NOI_132,28.3846,77.5386,ICICI,Noida,Uttar Pradesh,193,0.245
ATM_HYD_133,17.331,78.4582,PNB,Hyderabad,Telangana,59,0.295
ATM_GHA_134,28.771,77.4735,SBI,Ghaziabad,Uttar Pradesh,8,0.16
ATM_NOI_135,28.5933,77.4555,SBI,Noida,Uttar Pradesh,154,0.038
ATM_HYD_136,17.4899,78.5861,PNB,Hyderabad,Telangana,59,0.343
ATM_LUC_137,26.8541,81.0202,ICICI,Lucknow,Uttar Pradesh,169,0.279
ATM_MEW_138,28.0142,76.8981,PNB,Mewat,Haryana,75,0.235
ATM_JAI_139,27.0558,75.9086,ICICI,Jaipur,Rajasthan,33,0.271
ATM_BHA_140,27.2112,77.5643,Axis,Bharatpur,Rajasthan,134,0.054
ATM_HYD_141,17.4633,78.5135,SBI,Hyderabad,Telangana,113,0.033
ATM_JAM_142,24.0563,86.6835,Axis,Jamtara,Jharkhand,19,0.024
ATM_BHA_143,27.0973,77.3666,HDFC,Bharatpur,Rajasthan,94,0.141
ATM_GHA_144,28.5982,77.5464,Axis,Ghaziabad,Uttar Pradesh,31,0.239
ATM_PAT_145,25.4906,85.1446,Axis,Patna,Bihar,95,0.07
ATM_GHA_146,28.5862,77.4042,SBI,Ghaziabad,Uttar Pradesh,13,0.288
ATM_LUC_147,26.7417,81.0049,HDFC,Lucknow,Uttar Pradesh,69,0.152
ATM_MAT_148,27.6088,77.5722,ICICI,Mathura,Uttar Pradesh,108,0.3
ATM_LUC_149,26.7098,80.9823,Axis,Lucknow,Uttar Pradesh,26,0.11
ATM_MEW_150,28.0874,77.0381,HDFC,Mewat,Haryana,178,0.096
ATM_BHA_151,27.2437,77.518,HDFC,Bharatpur,Rajasthan,112,0.122
ATM_JAM_152,23.8927,86.8731,PNB,Jamtara,Jharkhand,141,0.132
ATM_PAT_153,25.4908,85.2493,ICICI,Patna,Bihar,181,0.298
ATM_GHA_154,28.6047,77.3059,Axis,Ghaziabad,Uttar Pradesh,5,0.339
ATM_MEW_155,27.9908,76.9048,HDFC,Mewat,Haryana,196,0.306
ATM_HYD_156,17.3033,78.4846,Axis,Hyderabad,Telangana,83,0.227
ATM_GHA_157,28.6564,77.376,SBI,Ghaziabad,Uttar Pradesh,29,0.214
ATM_BHA_158,27.2778,77.5472,Axis,Bharatpur,Rajasthan,115,0.294
ATM_MEW_159,27.9187,77.0299,Axis,Mewat,Haryana,89,0.322
ATM_PAT_160,25.5769,85.184,SBI,Patna,Bihar,120,0.254
ATM_MAT_161,27.5983,77.6594,HDFC,Mathura,Uttar Pradesh,108,0.027
ATM_MAT_162,27.3646,77.6936,HDFC,Mathura,Uttar Pradesh,60,0.035
ATM_HYD_163,17.4224,78.3741,Axis,Hyderabad,Telangana,52,0.182
ATM_BHA_164,27.2969,77.6168,ICICI,Bharatpur,Rajasthan,12,0.325
ATM_MEW_165,28.1028,76.9369,PNB,Mewat,Haryana,168,0.229
ATM_BHA_166,27.1657,77.5505,ICICI,Bharatpur,Rajasthan,34,0.173
ATM_PAT_167,25.7202,85.043,HDFC,Patna,Bihar,55,0.243
ATM_MAT_168,27.3746,77.5817,PNB,Mathura,Uttar Pradesh,90,0.226
ATM_NOI_169,28.6027,77.4278,SBI,Noida,Uttar Pradesh,128,0.09
ATM_BHA_170,27.2873,77.4776,HDFC,Bharatpur,Rajasthan,13,0.026
ATM_HYD_171,17.4902,78.3626,ICICI,Hyderabad,Telangana,20,0.022
ATM_HYD_172,17.3972,78.3714,HDFC,Hyderabad,Telangana,182,0.023
ATM_MAT_173,27.4724,77.7673,HDFC,Mathura,Uttar Pradesh,83,0.223
ATM_PAT_174,25.6197,85.2567,SBI,Patna,Bihar,9,0.256
ATM_MAT_175,27.6002,77.6366,HDFC,Mathura,Uttar Pradesh,186,0.124
ATM_HYD_176,17.299,78.3983,HDFC,Hyderabad,Telangana,21,0.275
ATM_JAM_177,24.0878,86.9325,PNB,Jamtara,Jharkhand,76,0.082
ATM_PAT_178,25.5034,85.2556,Axis,Patna,Bihar,136,0.325
ATM_NOI_179,28.4671,77.3817,Axis,Noida,Uttar Pradesh,62,0.05
ATM_JAI_180,27.0072,75.8413,PNB,Jaipur,Rajasthan,147,0.071
ATM_PAT_181,25.5113,85.0101,PNB,Patna,Bihar,15,0.117
ATM_GHA_182,28.6283,77.5254,Axis,Ghaziabad,Uttar Pradesh,117,0.265
ATM_JAI_183,26.9222,75.6696,SBI,Jaipur,Rajasthan,167,0.288
ATM_PAT_184,25.6979,85.0715,HDFC,Patna,Bihar,65,0.245
ATM_LUC_185,26.7209,81.0056,HDFC,Lucknow,Uttar Pradesh,137,0.091
ATM_HYD_186,17.4382,78.5901,Axis,Hyderabad,Telangana,154,0.09
ATM_JAI_187,27.056,75.8825,SBI,Jaipur,Rajasthan,126,0.252
ATM_PAT_188,25.6112,85.1116,ICICI,Patna,Bihar,119,0.039
ATM_BHA_189,27.0994,77.3626,ICICI,Bharatpur,Rajasthan,98,0.102
ATM_JAM_190,23.9394,86.7285,SBI,Jamtara,Jharkhand,56,0.067
ATM_PAT_191,25.4737,85.1472,Axis,Patna,Bihar,63,0.204
ATM_HYD_192,17.3978,78.6093,ICICI,Hyderabad,Telangana,41,0.12
ATM_MEW_193,28.1032,76.8938,HDFC,Mewat,Haryana,58,0.219
ATM_JAM_194,24.0361,86.7883,HDFC,Jamtara,Jharkhand,76,0.13
ATM_LUC_195,26.8692,80.8215,Axis,Lucknow,Uttar Pradesh,169,0.332
ATM_BHA_196,27.1322,77.5948,HDFC,Bharatpur,Rajasthan,112,0.08
ATM_HYD_197,17.3751,78.4969,ICICI,Hyderabad,Telangana,44,0.247
ATM_JAM_198,24.1017,86.9469,HDFC,Jamtara,Jharkhand,70,0.149
ATM_PAT_199,25.7278,85.0986,HDFC,Patna,Bihar,60,0.29
ATM_LUC_200,26.9043,81.0153,HDFC,Lucknow,Uttar Pradesh,32,0.038
ATM_JAM_201,24.036,86.7447,ICICI,Jamtara,Jharkhand,11,0.026
ATM_NOI_202,28.5121,77.3905,SBI,Noida,Uttar Pradesh,43,0.264
ATM_BHA_203,27.2154,77.4101,SBI,Bharatpur,Rajasthan,113,0.073
ATM_MEW_204,27.9324,76.8916,SBI,Mewat,Haryana,44,0.11
ATM_JAM_205,23.8568,86.8841,HDFC,Jamtara,Jharkhand,55,0.057
ATM_PAT_206,25.5255,85.2677,HDFC,Patna,Bihar,178,0.204
ATM_JAI_207,26.87,75.9241,HDFC,Jaipur,Rajasthan,106,0.023
ATM_JAI_208,26.7917,75.6644,PNB,Jaipur,Rajasthan,127,0.088
ATM_NOI_209,28.6527,77.331,ICICI,Noida,Uttar Pradesh,167,0.134
ATM_MEW_210,28.0209,77.0097,HDFC,Mewat,Haryana,134,0.048
ATM_JAI_211,27.0035,75.7384,ICICI,Jaipur,Rajasthan,6,0.025
ATM_GHA_212,28.5791,77.5583,SBI,Ghaziabad,Uttar Pradesh,87,0.122
ATM_MEW_213,27.9711,77.0308,Axis,Mewat,Haryana,71,0.117
ATM_MEW_214,28.1176,77.1425,Axis,Mewat,Haryana,141,0.275
ATM_MAT_215,27.6345,77.6612,Axis,Mathura,Uttar Pradesh,108,0.057
ATM_HYD_216,17.524,78.3749,PNB,Hyderabad,Telangana,42,0.083
ATM_HYD_217,17.4047,78.5135,Axis,Hyderabad,Telangana,142,0.158
ATM_GHA_218,28.5527,77.3915,PNB,Ghaziabad,Uttar Pradesh,84,0.224
ATM_BHA_219,27.265,77.3596,PNB,Bharatpur,Rajasthan,155,0.284
ATM_BHA_220,27.2581,77.5718,HDFC,Bharatpur,Rajasthan,133,0.174
ATM_LUC_221,26.9741,80.9917,HDFC,Lucknow,Uttar Pradesh,171,0.121
ATM_HYD_222,17.2398,78.5999,Axis,Hyderabad,Telangana,117,0.206
ATM_HYD_223,17.3405,78.4328,Axis,Hyderabad,Telangana,95,0.213
ATM_MEW_224,27.987,76.9171,PNB,Mewat,Haryana,115,0.081
ATM_MAT_225,27.4219,77.7066,SBI,Mathura,Uttar Pradesh,125,0.347
ATM_BHA_226,27.3395,77.513,PNB,Bharatpur,Rajasthan,115,0.309
ATM_JAI_227,26.8916,75.6594,PNB,Jaipur,Rajasthan,143,0.261
ATM_MAT_228,27.4033,77.6853,Axis,Mathura,Uttar Pradesh,125,0.269
ATM_PAT_229,25.51,85.0922,ICICI,Patna,Bihar,128,0.261
ATM_MEW_230,27.9036,77.0172,PNB,Mewat,Haryana,31,0.038
ATM_NOI_231,28.3987,77.3273,SBI,Noida,Uttar Pradesh,147,0.241
ATM_GHA_232,28.8181,77.3767,PNB,Ghaziabad,Uttar Pradesh,66,0.043
ATM_NOI_233,28.6785,77.3453,Axis,Noida,Uttar Pradesh,36,0.152
ATM_BHA_234,27.1674,77.5867,Axis,Bharatpur,Rajasthan,12,0.272
ATM_BHA_235,27.2896,77.3516,SBI,Bharatpur,Rajasthan,94,0.312
ATM_LUC_236,26.9863,80.9768,Axis,Lucknow,Uttar Pradesh,64,0.199
ATM_JAI_237,26.8214,75.7722,HDFC,Jaipur,Rajasthan,166,0.201
ATM_JAI_238,26.8425,75.757,Axis,Jaipur,Rajasthan,122,0.228
ATM_HYD_239,17.369,78.4437,SBI,Hyderabad,Telangana,198,0.246
ATM_MAT_240,27.5815,77.7887,HDFC,Mathura,Uttar Pradesh,175,0.147
ATM_HYD_241,17.35,78.4316,ICICI,Hyderabad,Telangana,31,0.026
ATM_NOI_242,28.516,77.4406,ICICI,Noida,Uttar Pradesh,184,0.156
ATM_GHA_243,28.7772,77.4347,SBI,Ghaziabad,Uttar Pradesh,91,0.025
ATM_NOI_244,28.6293,77.5179,SBI,Noida,Uttar Pradesh,24,0.024
ATM_BHA_245,27.0663,77.4607,ICICI,Bharatpur,Rajasthan,20,0.045
ATM_JAM_246,24.0416,86.9337,HDFC,Jamtara,Jharkhand,167,0.027
ATM_HYD_247,17.2562,78.3827,HDFC,Hyderabad,Telangana,104,0.012
ATM_JAI_248,26.8288,75.6799,PNB,Jaipur,Rajasthan,162,0.022
ATM_BHA_249,27.2987,77.3661,ICICI,Bharatpur,Rajasthan,151,0.273
ATM_PAT_250,25.5637,85.1354,HDFC,Patna,Bihar,169,0.336
ATM_NOI_251,28.4941,77.3053,PNB,Noida,Uttar Pradesh,148,0.083
ATM_BHA_252,27.1136,77.5667,SBI,Bharatpur,Rajasthan,185,0.19
ATM_HYD_253,17.4735,78.3477,Axis,Hyderabad,Telangana,48,0.275
ATM_GHA_254,28.7232,77.5719,PNB,Ghaziabad,Uttar Pradesh,40,0.065
ATM_HYD_255,17.3585,78.5932,HDFC,Hyderabad,Telangana,164,0.344
ATM_MAT_256,27.5548,77.6754,ICICI,Mathura,Uttar Pradesh,46,0.02
ATM_JAI_257,27.0598,75.8932,PNB,Jaipur,Rajasthan,137,0.164
ATM_JAI_258,27.0022,75.8016,HDFC,Jaipur,Rajasthan,153,0.101
ATM_MAT_259,27.4306,77.7866,SBI,Mathura,Uttar Pradesh,133,0.125
ATM_NOI_260,28.6571,77.3344,PNB,Noida,Uttar Pradesh,180,0.044
ATM_PAT_261,25.5346,85.2736,ICICI,Patna,Bihar,137,0.29
ATM_JAM_262,24.019,86.6984,PNB,Jamtara,Jharkhand,21,0.134
ATM_BHA_263,27.1412,77.5863,SBI,Bharatpur,Rajasthan,194,0.132
ATM_NOI_264,28.6489,77.3897,PNB,Noida,Uttar Pradesh,70,0.217
ATM_JAI_265,26.9717,75.94,Axis,Jaipur,Rajasthan,139,0.035
ATM_MAT_266,27.4944,77.5215,PNB,Mathura,Uttar Pradesh,154,0.121
ATM_JAM_267,23.9722,86.9341,Axis,Jamtara,Jharkhand,156,0.183
ATM_LUC_268,26.9475,81.0586,SBI,Lucknow,Uttar Pradesh,7,0.105
ATM_GHA_269,28.5745,77.357,Axis,Ghaziabad,Uttar Pradesh,130,0.343
ATM_JAM_270,23.851,86.877,SBI,Jamtara,Jharkhand,141,0.252
ATM_PAT_271,25.6113,85.1322,ICICI,Patna,Bihar,81,0.283
ATM_JAI_272,26.7924,75.8789,SBI,Jaipur,Rajasthan,154,0.121
ATM_HYD_273,17.3366,78.5127,SBI,Hyderabad,Telangana,38,0.236
ATM_NOI_274,28.4013,77.437,Axis,Noida,Uttar Pradesh,169,0.038
ATM_JAM_275,23.9241,86.6946,SBI,Jamtara,Jharkhand,125,0.261
ATM_LUC_276,26.8372,80.8221,PNB,Lucknow,Uttar Pradesh,71,0.221
ATM_MEW_277,27.9748,76.947,SBI,Mewat,Haryana,32,0.095
ATM_JAI_278,26.9441,75.828,SBI,Jaipur,Rajasthan,45,0.276
ATM_HYD_279,17.3066,78.545,PNB,Hyderabad,Telangana,22,0.122
ATM_JAI_280,26.8521,75.856,SBI,Jaipur,Rajasthan,25,0.121
ATM_GHA_281,28.7582,77.3259,PNB,Ghaziabad,Uttar Pradesh,80,0.082
ATM_BHA_282,27.2586,77.4959,ICICI,Bharatpur,Rajasthan,107,0.233
ATM_MAT_283,27.5713,77.7167,HDFC,Mathura,Uttar Pradesh,172,0.034
ATM_LUC_284,26.8316,80.966,Axis,Lucknow,Uttar Pradesh,133,0.044
ATM_HYD_285,17.521,78.5956,Axis,Hyderabad,Telangana,185,0.072
ATM_MAT_286,27.3711,77.774,PNB,Mathura,Uttar Pradesh,86,0.279
ATM_PAT_287,25.6226,84.9948,PNB,Patna,Bihar,40,0.32
ATM_GHA_288,28.7766,77.4924,PNB,Ghaziabad,Uttar Pradesh,124,0.271
ATM_MAT_289,27.3503,77.6993,PNB,Mathura,Uttar Pradesh,128,0.181
ATM_JAM_290,23.9716,86.8646,SBI,Jamtara,Jharkhand,144,0.243
ATM_GHA_291,28.5222,77.4193,HDFC,Ghaziabad,Uttar Pradesh,197,0.167
ATM_LUC_292,26.8557,80.9044,HDFC,Lucknow,Uttar Pradesh,16,0.101
ATM_PAT_293,25.5952,85.187,SBI,Patna,Bihar,198,0.011
ATM_MEW_294,27.9525,76.9259,Axis,Mewat,Haryana,72,0.338
ATM_LUC_295,26.7463,80.886,HDFC,Lucknow,Uttar Pradesh,123,0.107
ATM_HYD_296,17.269,78.4588,PNB,Hyderabad,Telangana,88,0.134
ATM_GHA_297,28.5611,77.4207,Axis,Ghaziabad,Uttar Pradesh,185,0.17
ATM_LUC_298,26.8306,81.0159,ICICI,Lucknow,Uttar Pradesh,56,0.193
ATM_JAM_299,24.0415,86.9039,Axis,Jamtara,Jharkhand,199,0.138
ATM_BHA_300,27.067,77.4734,HDFC,Bharatpur,Rajasthan,48,0.226
ATM_PAT_301,25.6623,85.055,SBI,Patna,Bihar,130,0.241
ATM_MAT_302,27.4908,77.6356,PNB,Mathura,Uttar Pradesh,107,0.283
ATM_GHA_303,28.6423,77.3081,HDFC,Ghaziabad,Uttar Pradesh,112,0.019
ATM_GHA_304,28.7042,77.3688,ICICI,Ghaziabad,Uttar Pradesh,103,0.31
ATM_MAT_305,27.403,77.6233,PNB,Mathura,Uttar Pradesh,147,0.284
ATM_JAM_306,23.8605,86.8879,SBI,Jamtara,Jharkhand,125,0.191
ATM_MEW_307,28.1077,77.0485,HDFC,Mewat,Haryana,78,0.114
ATM_PAT_308,25.4444,85.2535,SBI,Patna,Bihar,72,0.334
ATM_JAI_309,26.8268,75.7776,Axis,Jaipur,Rajasthan,102,0.254
ATM_LUC_310,26.7817,81.0595,ICICI,Lucknow,Uttar Pradesh,144,0.253
ATM_NOI_311,28.6126,77.2648,ICICI,Noida,Uttar Pradesh,85,0.317
ATM_NOI_312,28.5548,77.2522,PNB,Noida,Uttar Pradesh,25,0.286
ATM_PAT_313,25.6216,85.1147,HDFC,Patna,Bihar,198,0.232
ATM_BHA_314,27.2013,77.5209,ICICI,Bharatpur,Rajasthan,179,0.324
ATM_BHA_315,27.0963,77.5737,HDFC,Bharatpur,Rajasthan,36,0.263
ATM_JAI_316,26.9808,75.9046,SBI,Jaipur,Rajasthan,31,0.216
ATM_BHA_317,27.1241,77.6033,HDFC,Bharatpur,Rajasthan,69,0.271
ATM_BHA_318,27.0617,77.4443,Axis,Bharatpur,Rajasthan,46,0.14
ATM_NOI_319,28.563,77.2724,SBI,Noida,Uttar Pradesh,30,0.059
ATM_JAM_320,23.9472,86.8421,SBI,Jamtara,Jharkhand,142,0.223
ATM_GHA_321,28.7364,77.4783,PNB,Ghaziabad,Uttar Pradesh,121,0.325
ATM_LUC_322,26.7898,80.8565,PNB,Lucknow,Uttar Pradesh,23,0.045
ATM_MAT_323,27.414,77.764,HDFC,Mathura,Uttar Pradesh,138,0.047
ATM_MAT_324,27.393,77.7196,SBI,Mathura,Uttar Pradesh,132,0.261
ATM_HYD_325,17.2815,78.424,PNB,Hyderabad,Telangana,57,0.154
ATM_BHA_326,27.2207,77.4082,PNB,Bharatpur,Rajasthan,108,0.23
ATM_JAM_327,23.9956,86.8524,Axis,Jamtara,Jharkhand,186,0.331
ATM_JAI_328,26.8802,75.9367,ICICI,Jaipur,Rajasthan,66,0.068
ATM_BHA_329,27.2356,77.5555,PNB,Bharatpur,Rajasthan,138,0.101
ATM_HYD_330,17.2451,78.5392,Axis,Hyderabad,Telangana,44,0.048
ATM_GHA_331,28.6476,77.5269,PNB,Ghaziabad,Uttar Pradesh,165,0.327
ATM_JAI_332,27.0155,75.7224,ICICI,Jaipur,Rajasthan,22,0.074
ATM_NOI_333,28.3923,77.4009,SBI,Noida,Uttar Pradesh,200,0.295
ATM_GHA_334,28.6654,77.4343,ICICI,Ghaziabad,Uttar Pradesh,89,0.344
ATM_MAT_335,27.6103,77.65,Axis,Mathura,Uttar Pradesh,26,0.343
ATM_PAT_336,25.7069,85.0755,PNB,Patna,Bihar,138,0.313
ATM_MEW_337,27.8972,76.8936,HDFC,Mewat,Haryana,69,0.034
ATM_NOI_338,28.4915,77.2544,ICICI,Noida,Uttar Pradesh,72,0.036
ATM_GHA_339,28.5805,77.5158,SBI,Ghaziabad,Uttar Pradesh,141,0.337
ATM_GHA_340,28.6928,77.5875,SBI,Ghaziabad,Uttar Pradesh,26,0.329
ATM_MEW_341,28.0451,77.1309,PNB,Mewat,Haryana,58,0.219
ATM_PAT_342,25.7335,85.2662,PNB,Patna,Bihar,94,0.315
ATM_MAT_343,27.5686,77.7459,PNB,Mathura,Uttar Pradesh,39,0.193
ATM_HYD_344,17.5147,78.4711,SBI,Hyderabad,Telangana,70,0.137
ATM_JAM_345,23.936,86.6677,ICICI,Jamtara,Jharkhand,124,0.181
ATM_JAI_346,27.0592,75.7118,HDFC,Jaipur,Rajasthan,175,0.305
ATM_LUC_347,26.8263,81.0125,PNB,Lucknow,Uttar Pradesh,120,0.12
ATM_JAI_348,26.9101,75.6577,Axis,Jaipur,Rajasthan,166,0.092
ATM_MAT_349,27.6171,77.6065,ICICI,Mathura,Uttar Pradesh,108,0.132
ATM_JAM_350,23.9443,86.667,SBI,Jamtara,Jharkhand,46,0.339
ATM_JAI_351,27.0165,75.7438,HDFC,Jaipur,Rajasthan,187,0.165
ATM_LUC_352,26.7955,80.849,ICICI,Lucknow,Uttar Pradesh,28,0.194
ATM_LUC_353,26.7027,80.9966,PNB,Lucknow,Uttar Pradesh,141,0.317
ATM_LUC_354,26.9004,80.9877,HDFC,Lucknow,Uttar Pradesh,114,0.222
ATM_MAT_355,27.548,77.5554,Axis,Mathura,Uttar Pradesh,97,0.102
ATM_NOI_356,28.6159,77.3203,HDFC,Noida,Uttar Pradesh,53,0.175
ATM_JAI_357,26.9427,75.6479,SBI,Jaipur,Rajasthan,165,0.34
ATM_MEW_358,27.8605,77.0386,PNB,Mewat,Haryana,175,0.039
ATM_JAM_359,24.0044,86.8961,Axis,Jamtara,Jharkhand,101,0.148
ATM_JAM_360,23.8638,86.8303,ICICI,Jamtara,Jharkhand,27,0.216
ATM_MAT_361,27.3944,77.7516,ICICI,Mathura,Uttar Pradesh,59,0.204
ATM_PAT_362,25.4704,85.0373,PNB,Patna,Bihar,174,0.282
ATM_MAT_363,27.4512,77.5446,HDFC,Mathura,Uttar Pradesh,114,0.215
ATM_GHA_364,28.6785,77.5821,HDFC,Ghaziabad,Uttar Pradesh,82,0.234
ATM_PAT_365,25.5151,85.2092,ICICI,Patna,Bihar,129,0.012
ATM_MAT_366,27.3615,77.6372,HDFC,Mathura,Uttar Pradesh,158,0.09
ATM_JAI_367,26.9336,75.8836,Axis,Jaipur,Rajasthan,95,0.108
ATM_LUC_368,26.8399,80.998,Axis,Lucknow,Uttar Pradesh,148,0.321
ATM_LUC_369,26.8499,80.89,HDFC,Lucknow,Uttar Pradesh,37,0.179
ATM_MEW_370,28.1135,77.0157,HDFC,Mewat,Haryana,45,0.215
ATM_MEW_371,28.0998,76.9892,ICICI,Mewat,Haryana,83,0.232
ATM_JAI_372,26.7746,75.657,ICICI,Jaipur,Rajasthan,89,0.228
ATM_HYD_373,17.411,78.4395,SBI,Hyderabad,Telangana,198,0.276
ATM_JAM_374,24.0041,86.9106,PNB,Jamtara,Jharkhand,174,0.26
ATM_PAT_375,25.608,85.0457,PNB,Patna,Bihar,137,0.161
ATM_NOI_376,28.4869,77.4615,Axis,Noida,Uttar Pradesh,107,0.147
ATM_PAT_377,25.5622,85.2684,ICICI,Patna,Bihar,34,0.331
ATM_MEW_378,28.0203,76.9737,ICICI,Mewat,Haryana,73,0.22
ATM_MAT_379,27.5244,77.6259,Axis,Mathura,Uttar Pradesh,10,0.092
ATM_PAT_380,25.6793,85.237,ICICI,Patna,Bihar,37,0.301
ATM_MEW_381,28.0698,77.0973,HDFC,Mewat,Haryana,196,0.092
ATM_LUC_382,26.7549,81.0581,HDFC,Lucknow,Uttar Pradesh,65,0.122
ATM_GHA_383,28.7846,77.4575,Axis,Ghaziabad,Uttar Pradesh,44,0.306
ATM_MAT_384,27.4219,77.805,ICICI,Mathura,Uttar Pradesh,40,0.338
ATM_JAM_385,23.8198,86.7497,PNB,Jamtara,Jharkhand,37,0.197
ATM_LUC_386,26.788,80.8108,ICICI,Lucknow,Uttar Pradesh,163,0.21
ATM_BHA_387,27.3459,77.3437,ICICI,Bharatpur,Rajasthan,50,0.051
ATM_BHA_388,27.3117,77.5189,HDFC,Bharatpur,Rajasthan,132,0.241
ATM_NOI_389,28.6513,77.5381,Axis,Noida,Uttar Pradesh,188,0.066
ATM_GHA_390,28.7732,77.5828,ICICI,Ghaziabad,Uttar Pradesh,93,0.021
ATM_BHA_391,27.3359,77.5761,HDFC,Bharatpur,Rajasthan,144,0.162
ATM_JAI_392,26.9053,75.9101,PNB,Jaipur,Rajasthan,181,0.252
ATM_PAT_393,25.685,85.0045,SBI,Patna,Bihar,191,0.205
ATM_LUC_394,26.7555,80.963,HDFC,Lucknow,Uttar Pradesh,172,0.276
ATM_PAT_395,25.6392,85.236,PNB,Patna,Bihar,84,0.166
ATM_LUC_396,26.7892,81.0586,HDFC,Lucknow,Uttar Pradesh,82,0.315
ATM_NOI_397,28.5036,77.4075,PNB,Noida,Uttar Pradesh,50,0.032
ATM_MAT_398,27.3867,77.6225,HDFC,Mathura,Uttar Pradesh,132,0.209
ATM_PAT_399,25.7231,85.2356,SBI,Patna,Bihar,154,0.326
ATM_NOI_400,28.5785,77.2792,PNB,Noida,Uttar Pradesh,146,0.332
ATM_HYD_401,17.3051,78.4206,HDFC,Hyderabad,Telangana,8,0.139
ATM_HYD_402,17.3914,78.4189,ICICI,Hyderabad,Telangana,62,0.013
ATM_MEW_403,27.9741,76.8838,SBI,Mewat,Haryana,62,0.278
ATM_GHA_404,28.5571,77.5544,ICICI,Ghaziabad,Uttar Pradesh,65,0.165
ATM_LUC_405,26.9821,80.9514,Axis,Lucknow,Uttar Pradesh,170,0.228
ATM_GHA_406,28.7754,77.5412,Axis,Ghaziabad,Uttar Pradesh,91,0.126
ATM_LUC_407,26.7896,81.0269,ICICI,Lucknow,Uttar Pradesh,139,0.295
ATM_MEW_408,28.1282,76.8889,HDFC,Mewat,Haryana,159,0.09
ATM_BHA_409,27.2754,77.583,HDFC,Bharatpur,Rajasthan,33,0.296
ATM_PAT_410,25.5867,85.0439,ICICI,Patna,Bihar,54,0.27
ATM_NOI_411,28.5931,77.346,HDFC,Noida,Uttar Pradesh,159,0.021
ATM_MEW_412,28.0608,77.1237,SBI,Mewat,Haryana,143,0.124
ATM_MEW_413,28.0409,77.0968,Axis,Mewat,Haryana,177,0.244
ATM_NOI_414,28.5991,77.2785,Axis,Noida,Uttar Pradesh,55,0.101
ATM_JAM_415,23.8994,86.7948,Axis,Jamtara,Jharkhand,11,0.273
ATM_HYD_416,17.4118,78.5006,Axis,Hyderabad,Telangana,42,0.154
ATM_JAM_417,23.8162,86.7384,Axis,Jamtara,Jharkhand,198,0.198
ATM_BHA_418,27.3386,77.4737,ICICI,Bharatpur,Rajasthan,113,0.137
ATM_JAI_419,27.038,75.9077,HDFC,Jaipur,Rajasthan,103,0.29
ATM_GHA_420,28.5517,77.4711,ICICI,Ghaziabad,Uttar Pradesh,49,0.128
ATM_JAM_421,24.0138,86.6873,HDFC,Jamtara,Jharkhand,69,0.278
ATM_JAI_422,26.7895,75.9284,Axis,Jaipur,Rajasthan,66,0.064
ATM_HYD_423,17.4071,78.3304,PNB,Hyderabad,Telangana,170,0.301
ATM_HYD_424,17.4757,78.5843,PNB,Hyderabad,Telangana,24,0.299
ATM_GHA_425,28.7426,77.4423,ICICI,Ghaziabad,Uttar Pradesh,17,0.052
ATM_BHA_426,27.1248,77.368,ICICI,Bharatpur,Rajasthan,33,0.307
ATM_HYD_427,17.4927,78.6281,SBI,Hyderabad,Telangana,128,0.138
ATM_BHA_428,27.1718,77.4224,SBI,Bharatpur,Rajasthan,105,0.036
ATM_LUC_429,26.9525,80.8885,Axis,Lucknow,Uttar Pradesh,51,0.092
ATM_BHA_430,27.0701,77.5692,PNB,Bharatpur,Rajasthan,125,0.027
ATM_JAI_431,26.9773,75.9399,PNB,Jaipur,Rajasthan,183,0.296
ATM_BHA_432,27.1987,77.3972,ICICI,Bharatpur,Rajasthan,170,0.199
ATM_PAT_433,25.4473,85.2454,Axis,Patna,Bihar,143,0.249
ATM_HYD_434,17.4821,78.4693,ICICI,Hyderabad,Telangana,162,0.231
ATM_HYD_435,17.2902,78.5493,PNB,Hyderabad,Telangana,176,0.083
ATM_JAM_436,24.037,86.7238,PNB,Jamtara,Jharkhand,134,0.109
ATM_MAT_437,27.5557,77.6662,HDFC,Mathura,Uttar Pradesh,39,0.144
ATM_GHA_438,28.7156,77.5055,Axis,Ghaziabad,Uttar Pradesh,154,0.1
ATM_LUC_439,26.9283,80.9422,SBI,Lucknow,Uttar Pradesh,69,0.031
ATM_HYD_440,17.275,78.4872,PNB,Hyderabad,Telangana,120,0.165
ATM_JAM_441,23.9693,86.8449,ICICI,Jamtara,Jharkhand,187,0.314
ATM_GHA_442,28.7094,77.3285,Axis,Ghaziabad,Uttar Pradesh,22,0.223
ATM_NOI_443,28.3823,77.285,SBI,Noida,Uttar Pradesh,40,0.199
ATM_NOI_444,28.4748,77.2469,HDFC,Noida,Uttar Pradesh,153,0.262
ATM_GHA_445,28.7734,77.3906,ICICI,Ghaziabad,Uttar Pradesh,159,0.095
ATM_BHA_446,27.3238,77.5414,HDFC,Bharatpur,Rajasthan,114,0.286
ATM_LUC_447,26.88,80.8347,SBI,Lucknow,Uttar Pradesh,92,0.332
ATM_BHA_448,27.0938,77.5624,Axis,Bharatpur,Rajasthan,124,0.158
ATM_MEW_449,28.1428,77.0687,HDFC,Mewat,Haryana,195,0.151
ATM_LUC_450,26.8343,80.8525,SBI,Lucknow,Uttar Pradesh,142,0.323
ATM_PAT_451,25.49,85.2004,ICICI,Patna,Bihar,125,0.105
ATM_NOI_452,28.6274,77.422,SBI,Noida,Uttar Pradesh,46,0.039
ATM_BHA_453,27.3424,77.3694,HDFC,Bharatpur,Rajasthan,115,0.016
ATM_HYD_454,17.3691,78.509,SBI,Hyderabad,Telangana,17,0.328
ATM_GHA_455,28.5848,77.4265,Axis,Ghaziabad,Uttar Pradesh,48,0.229
ATM_JAM_456,24.0541,86.7596,ICICI,Jamtara,Jharkhand,79,0.155
ATM_MAT_457,27.5653,77.5872,ICICI,Mathura,Uttar Pradesh,99,0.213
ATM_JAM_458,24.0146,86.7767,HDFC,Jamtara,Jharkhand,60,0.19
ATM_LUC_459,26.7736,81.0557,HDFC,Lucknow,Uttar Pradesh,128,0.024
ATM_LUC_460,26.7892,80.899,HDFC,Lucknow,Uttar Pradesh,45,0.147
ATM_GHA_461,28.5402,77.4926,Axis,Ghaziabad,Uttar Pradesh,157,0.326
ATM_PAT_462,25.724,85.2708,HDFC,Patna,Bihar,8,0.086
ATM_GHA_463,28.7038,77.3064,SBI,Ghaziabad,Uttar Pradesh,143,0.048
ATM_GHA_464,28.5799,77.3858,PNB,Ghaziabad,Uttar Pradesh,156,0.045
ATM_BHA_465,27.0782,77.5607,SBI,Bharatpur,Rajasthan,66,0.238
ATM_JAI_466,26.8934,75.8324,Axis,Jaipur,Rajasthan,174,0.077
ATM_JAI_467,26.8012,75.7972,SBI,Jaipur,Rajasthan,149,0.084
ATM_NOI_468,28.5051,77.2577,SBI,Noida,Uttar Pradesh,134,0.32
ATM_HYD_469,17.2991,78.536,SBI,Hyderabad,Telangana,29,0.052
ATM_LUC_470,26.8771,80.9038,PNB,Lucknow,Uttar Pradesh,196,0.083
ATM_LUC_471,26.8273,81.0423,SBI,Lucknow,Uttar Pradesh,152,0.223
ATM_MAT_472,27.3703,77.7302,SBI,Mathura,Uttar Pradesh,98,0.09
ATM_JAM_473,23.9528,86.8393,ICICI,Jamtara,Jharkhand,60,0.071
ATM_JAM_474,24.0357,86.9301,HDFC,Jamtara,Jharkhand,8,0.232
ATM_PAT_475,25.5318,85.0601,HDFC,Patna,Bihar,33,0.309
ATM_NOI_476,28.4877,77.4049,Axis,Noida,Uttar Pradesh,110,0.269
ATM_BHA_477,27.3171,77.5146,SBI,Bharatpur,Rajasthan,47,0.098
ATM_JAM_478,23.8259,86.6571,HDFC,Jamtara,Jharkhand,108,0.22
ATM_JAI_479,26.954,75.7157,SBI,Jaipur,Rajasthan,158,0.273
ATM_HYD_480,17.5018,78.4254,ICICI,Hyderabad,Telangana,95,0.174
ATM_PAT_481,25.5087,84.9838,PNB,Patna,Bihar,94,0.303
ATM_NOI_482,28.662,77.4371,SBI,Noida,Uttar Pradesh,184,0.192
ATM_NOI_483,28.6107,77.4842,ICICI,Noida,Uttar Pradesh,158,0.075
ATM_MEW_484,27.93,77.1037,Axis,Mewat,Haryana,119,0.149
ATM_NOI_485,28.3828,77.2752,HDFC,Noida,Uttar Pradesh,78,0.095
ATM_HYD_486,17.5172,78.4501,HDFC,Hyderabad,Telangana,145,0.022
ATM_NOI_487,28.6409,77.467,ICICI,Noida,Uttar Pradesh,5,0.303
ATM_NOI_488,28.4287,77.2855,SBI,Noida,Uttar Pradesh,70,0.038
ATM_BHA_489,27.2556,77.443,SBI,Bharatpur,Rajasthan,76,0.117
ATM_MEW_490,27.8899,77.0216,ICICI,Mewat,Haryana,80,0.27
ATM_GHA_491,28.628,77.4341,SBI,Ghaziabad,Uttar Pradesh,27,0.304
ATM_PAT_492,25.7078,85.2203,Axis,Patna,Bihar,13,0.241
ATM_JAI_493,27.0343,75.8493,HDFC,Jaipur,Rajasthan,36,0.229
ATM_MAT_494,27.5167,77.7751,SBI,Mathura,Uttar Pradesh,11,0.269
ATM_JAI_495,26.7876,75.7689,Axis,Jaipur,Rajasthan,122,0.11
ATM_MAT_496,27.6313,77.628,HDFC,Mathura,Uttar Pradesh,17,0.109
ATM_JAI_497,27.0045,75.791,HDFC,Jaipur,Rajasthan,191,0.337
ATM_PAT_498,25.6512,85.0456,HDFC,Patna,Bihar,64,0.183
ATM_PAT_499,25.486,85.1874,ICICI,Patna,Bihar,165,0.214
